case,gender,shootingType,race,city,state,date,year,injured,killed,casualties,locationType,weaponObtained,weaponType,weaponDetails,lat,long
Fort Lauderdale airport shooting,Male,Mass,Latino,Fort Lauderdale,Florida,1/6/2017,2017,6,5,11,Other,Unknown,Semiautomatic handgun,Walther 9mm semi-automatic pistol,26.072751,-80.143382
College of Iowa shooting,Male,Mass,Asian,Iowa City,Iowa,11/1/1991,1991,1,6,7,College,"Fin & Feather in Iowa City, Iowa",One revolver,.38-caliber Taurus revolver,41.66069031,-91.53022003
Virginia Tech massacre,Male,Mass,Asian,Blacksburg,Virginia,4/16/2007,2007,23,33,56,College,"Purchased variously online and from Roanoke Firearms in Roanoke, Va.",Two semiautomatic handguns,"9mm Glock 19, .22-caliber Walther P22 semiautomatic handguns",37.2295723,-80.41394043
Northern Illinois College shooting,Male,Mass,White,DeKalb,Illinois,2/14/2008,2008,21,6,27,College,"Online and gun retailers in Champaign, Ill. ","Three semiautomatic handguns, one shotgun","9mm Glock 19, Hi-Point CF380, 9mm Kurz SIG Sauer P232 semiautomatic handguns; 12-gauge Remington Sportsman 48 sawed-off shotgun",41.92947388,-88.75036621
Oikos College killings,Male,Mass,Asian,Oakland,California,4/2/2012,2012,3,7,10,College,"Bullseye in Castro Valley, Calif.",One semiautomatic handgun,.45-caliber semiautomatic handgun,37.80438232,-122.270813
Isla Vista mass murder,Male,Mass,White,Santa Barbara,California,5/23/2014,2014,13,6,19,College,Unknown,Three semi-automatic handguns and two hunting knives,"Two Sig Sauer P226 semiautomatic pistols and Glock 34 pistol, and hundreds of rounds of ammo. A 6- inchand 8-inch “SRK” and “Boar Hunter” hunting knives. ",34.436283,-119.8714406
Umpqua Community College shooting,Male,Mass,Other,Roseburg,,10/1/2015,2015,9,9,18,College,Unknown,"Five pistols, one rifle, five magazines of ammunition","9 mm Glock pistol, .40 caliber Smith & Wesson, .40 caliber Taurus pistol, .556 caliber Del-Ton; (ammo details unclear)",43.289538,-123.333193
Air Force base shooting,Male,Mass,White,Fairchild Air Force Base,Washington,6/20/1994,1994,23,5,28,Military,"Gun dealer in Spokane, Wash.",One rifle (assault),MAK-90 semiautomatic rifle,47.61864471,-117.6483612
Fort Hood massacre,Male,Mass,Other,Fort Hood,Texas,11/5/2009,2009,30,13,43,Military,"Guns Galore in Kileen, Texas",One semiautomatic handgun,FN Five-seven semiautomatic handgun,31.20112991,-97.7715683
Washington Navy Yard shooting,Male,Mass,Black,Washington,D.C.,9/16/2013,2013,8,12,20,Military,Sharpshooters Small Arms Range,"Sawed-off shotgun, 2 boxes of shells; also a .45-caliber handgun taken from a security guard he shot at the scene.",Remington 870 Express 12-gauge shotgun; Beretta handgun,38.87498093,-76.99452972
Fort Hood shooting 2,Male ,Mass,Latino,Fort Hood,Texas,4/3/2014,2014,12,3,15,Military,"Local gun store in Killeen, Guns Galore",handgun,.45-caliber Smith & Wesson handgun,31.141716,-97.777559
Chattanooga military recruitment center,Male,Mass,Other,Chattanooga,Tennessee,7/16/2015,2015,2,5,7,Military,"On the internet, via Armslist.com",2 assault rifles; semiautomatic handgun,"AK-47, AR-15, and 30-round magazines; 9mm handgun",35.04715729,-85.31182098
Welding shop shooting,Male,Mass,White,Miami,Florida,8/20/1982,1982,3,8,11,Other,"Garcia Gun Center in Hialeah, Fla.",One shotgun,Mossberg 500 Persuader pump-action shotgun with pistol grip,25.79649162,-80.22668457
San Ysidro McDonald's massacre,Male,Mass,White,San Ysidro,California,7/18/1984,1984,19,22,41,Other,Unknown,"One semiautomatic handgun, one rifle (assault), one shotgun",9mm Browning P35 Hi-Power semiautomatic handgun; 9mm Israeli Military Industries Uzi Model A carbine semiautomatic rifle; 12-gauge Winchester 1200 pump-action shotgun,32.55200195,-117.0430832
Dallas nightclub shooting,Male,Mass,White,Dallas,Texas,6/29/1984,1984,1,6,7,Other,"Hines Boulevard Pawn Shop in Dallas, Texas",One semiautomatic handgun,9mm Smith & Wesson 459 semiautomatic handgun,32.78010559,-96.80001068
Shopping centers spree killings,Male,Spree,White,Palm Bay,Florida,4/23/1987,1987,14,6,20,Other,"Gun store in Norwood, Ohio; The Oaks Trading Post in Melbourne, Fla.","One rifle, one revolver, one shotgun","Sturm, Ruger Mini-14 semiautomatic rifle; 20-gauge Winchester pump-action shotgun; .357 Ruger Blackhawk revolver",28.03318787,-80.64296722
GMAC massacre,Male,Mass,Black,Jacksonville,Florida,6/18/1990,1990,4,10,14,Other,Unknown,"One rifle, one revolver",.30-caliber Universal M1 carbine rifle; .38-caliber revolver,30.33218384,-81.65564728
Luby's massacre,Male,Mass,White,Killeen,Texas,10/16/1991,1991,20,24,44,Other,"Mike's Gun Shop in Henderson, Nev.",Two semiautomatic handguns,"9mm Glock 17, 9mm Ruger P89 semiautomatic handguns",31.11711884,-97.72779846
Watkins Glen killings,Male,Mass,White,Watkins Glen,New York,10/15/1992,1992,0,5,5,Other,"Mumford Sports in Litchfield, Ohio",One semiautomatic handgun,9mm Llama semiautomatic handgun,42.38105392,-76.87057495
Long Island Rail Road massacre,Male,Mass,Black,Garden City,New York,12/7/1993,1993,19,6,25,Other,"Turner's Outdoorsman in Signal Hill, Calif. ",One semiautomatic handgun,9mm Ruger P89 semiautomatic handgun,40.72676849,-73.6342926
Luigi's shooting,Male,Mass,White,Fayetteville,North Carolina,8/6/1993,1993,8,4,12,Other,Unknown,"One rifle, two shotguns",.22-caliber rifle; two 12-gauge shotguns,35.05299377,-78.87870789
101 California Street shootings,Male,Mass,White,San Francisco,California,7/1/1993,1993,6,9,15,Other,"Super Pawn and Pacific Tactical Weapons, both in Las Vegas, Nev.",Three semiautomatic handguns (two assault),"Two Intratec DC-9, .45-caliber Colt semiautomatic handguns",37.77896118,-122.4191971
Damageplan show shooting,Male,Mass,White,Columbus,Ohio,12/8/2004,2004,7,5,12,Other,Received as a gift from mother,One semiautomatic handgun,9mm Beretta 92FS semiautomatic handgun,39.9622612,-83.00070953
Capitol Hill massacre,Male,Mass,White,Seattle,Washington,3/25/2006,2006,2,7,9,Other,"Various sporting goods stores in Kalispell, Mont.","Two semiautomatic handguns, one rifle (assault), one shotgun",".40-caliber Ruger, one other semiautomatic handgun; Bushmaster XM15 E2S semiautomatic rifle; 12-gauge Winchester Defender pump-action shotgun with extended tube and pistol grip",47.6228981,-122.3164978
Westroads Mall shooting,Male,Mass,White,Omaha,Nebraska,12/5/2007,2007,4,9,13,Other,Stolen from grandfather,One rifle (assault),WASR-10 Century Arms semiautomatic rifle,41.25873184,-95.93787384
Crandon shooting,Male,Mass,White,Crandon,Wisconsin,10/7/2007,2007,1,6,7,Other,Issued by Forest County Sheriff's Department,One rifle (assault),AR-15 SWAT semiautomatic rifle,45.57190704,-88.90289307
Trolley Square shooting,Male,Mass,White,Salt Lake City,Utah,2/12/2007,2007,4,6,10,Other,"Purchased variously from Sportsman's Fast Cash in West Valley City, Utah and individuals ","One revolver, one shotgun",Mossberg Maverick 88 Field shotgun; .38-caliber Smith & Wesson M36 revolver,40.76064682,-111.8910904
Kirkwood City Council shooting,Male,Mass,Black,Kirkwood,Missouri,2/7/2008,2008,2,6,8,Other,Taken in burglary and from fallen police officer,"One semiautomatic handgun, one revolver",.40-caliber Smith & Wesson semiautomatic handgun; .44 Magnum Smith & Wesson Model 29 revolver,38.58338547,-90.40678406
Binghamton shootings,Male,Mass,Asian,Binghamton,New York,4/3/2009,2009,4,14,18,Other,"Gander Mountain in Johnson City, N.Y.",Two semiautomatic handguns,"9mm Beretta, .45-caliber Springfield semiautomatic handguns",42.09868622,-75.91797638
Coffee shop police killings,Male,Mass,Black,Parkland,Washington,11/29/2009,2009,1,4,5,Other,Stolen from an individual in Seattle.,One semiautomatic handgun,9mm Glock 17 semiautomatic handgun; .38-caliber Smith & Wesson revolver,47.15584564,-122.4370346
Carthage nursing home shooting,Male,Mass,White,Carthage,North Carolina,3/29/2009,2009,3,8,11,Other,Local sporting goods stores and individuals,"One revolver, one shotgun",Winchester 1300 pump-action shotgun; .357 Magnum revolver,35.34580231,-79.41705322
IHOP shooting,Male,Mass,Latino,Carson City,Nevada,9/6/2011,2011,7,5,12,Other,Purchased from an individual,"Two rifles (both assault), one revolver","AK-47 Norinco Arms variant, AK-47 Romarm Cugir variant automatic rifles; .38-caliber Colt revolver",39.16379929,-119.7674026
Seal Beach shooting,Male,Mass,White,Seal Beach,California,10/14/2011,2011,1,8,9,Other,Unknown,"Two semiautomatic handguns, one revolver",".45-caliber Heckler & Koch, 9mm Springfield semiautomatic handguns; .44 Magnum Smith & Wesson revolver",33.74117661,-118.1046371
Tucson shooting,Male,Mass,White,Tucson,Arizona,1/8/2011,2011,13,6,19,Other,"Sportsmen's Warehouse in Tucson, Ariz.",One semiautomatic handgun,9mm Glock 19 semiautomatic handgun,32.22174454,-110.9264755
Su Jung Health Sauna shooting,Male,Mass,Asian,Norcross,Georgia,2/22/2012,2012,0,5,5,Other,Unknown,One semiautomatic handgun,.45-caliber semiautomatic handgun,33.9412117,-84.21353149
Aurora theater shooting,Male,Mass,White,Aurora,Colorado,7/20/2012,2012,58,12,70,Other,"Gander Mountain stores in Thornton and Aurora, Colo.; Bass Pro Shop in Denver, Colo.; BulkAmmo.com","Two semiautomatic handguns, one rifle (assault), one shotgun",Two .40-caliber Glock semiautomatic handguns; .223-caliber Smith & Wesson M&P15 semiautomatic rifle; 12-gauge Remington 870 pump-action shotgun,39.70928192,-104.8234863
Seattle cafe shooting,Male,Spree,White,Seattle,Washington,5/20/2012,2012,1,6,7,Other,"Bull's Eye Shooter Supply in Tacoma, Wash.",Two semiautomatic handguns,Two .45-caliber semiautomatic handguns,47.60383224,-122.3300629
Pinewood Village Apartment shooting,Male,Mass,Black,Federal Way,Washington,4/21/2013,2013,0,5,5,Other,Unknown,"Semiautomatic handgun, shotgun",".40 caliber semi-automatic handgun, pistol grip shotgun",47.31296158,-122.3393631
Hialeah apartment shooting,Male,Mass,Latino,Hialeah,Florida,7/26/2013,2013,0,7,7,Other,Florida Gun Center,9mm semi-automatic handgun,Glock 17,25.86701012,-80.29146576
Santa Monica rampage,Male,Spree,White,Santa Monica,California,6/7/2013,2013,3,6,9,Other,Assembled a rifle out of component parts.,"Assault rifle, high capacity magazines, antique handgun",".223-caliber semi-automatic assault rifle, about 40 high capacity magazines, ""black powder"" handgun (likely antique)",34.0086174,-118.494751
Mohawk Valley shootings,Male,Spree,White,Herkimer County,New York,3/13/2013,2013,2,5,7,Other,"Frank's Guns in Marcy, NY",Shotgun,Unknown,43.04560089,-74.9848938
Alturas tribal shooting,Female,Mass,Native American,Alturas,California,2/20/2014,2014,2,4,6,Other,Unknown,Two handguns and a butcher knife,9mm semi-automatic handgun,41.48710251,-120.5422363
Trestle Trail bridge shooting,Male,Mass,Latino,Menasha,Wisconsin,6/11/2015,2015,1,3,4,Other,Unknown,Two handguns,"Details unclear, but after the shooting, police found eight guns in total in Valencia del Toro's home, including handguns, shotguns, and rifles, plus and more than 1,000 rounds of ammunition. He took two weapons and ammunition to the bridge.",44.204124,-88.467541
Colorado Springs shooting rampage,Male,Mass,White,Colorado Springs,Colorado,10/31/2015,2015,0,3,3,Other,Unknown,Two handguns and a rifle,"AR-15 rifle, a 9 mm pistol, and a .357 revolver ",38.83755,-104.814251
Dallas police shooting,Male,Mass,Black,Dallas,Texas,7/7/2016,2016,11,5,16,Other,online and or gun show,"Semiautomatic rifle, semiautomatic handguns","Izhmash-Saiga 5.45mm (AK-style) semiautomatic rifle with large capacity magazines; Glock 9mm handgun, .25-caliber semiautomatic handgun",32.7801052,-96.8000082
Orlando nightclub massacre,Male,Mass,Other,Orlando,Florida,6/12/2016,2016,53,49,102,Other,Unknown,"Semiautomatic rifle, semiautomatic handgun","Sig Sauer MCX rifle, Glock 17 9mm; high-capacity magazines (30 rounds)",28.519718,-81.376777
Cascade Mall shooting,Male,Mass,White,Burlington,Washington,9/23/2016,2016,0,5,5,Other,Unknown,Rifle,Ruger .22-caliber,48.461367,-122.337918
Kalamazoo shooting spree,Male,Mass,White,Kalamazoo County,Michigan,2/20/2016,2016,2,6,8,Other,Unknown,Semiautomatic handgun,9 mm handgun (ammo used unclear),42.236689,-85.674795
Baton Rouge police shooting,Male,Spree,Black,Baton Rouge,Lousiana,7/17/2016,2016,3,3,6,Other,Unknown,Two semiautomatic rifles; one semiautomatic handgun,"IWI Tavor SAR 5.56 caliber rifle, Springfield XD 9, 9mm",30.433601,-91.081403
Fresno downtown shooting,Male,Mass,Black,Fresno,California,4/18/2017,2017,0,3,3,Other,Unknown,handgun,.357 revolver,36.746378,-119.800319
Thousand Oaks nightclub shooting,Male,Mass,White,Thousand Oaks,California,11/7/2018,2017,22,12,34,Other,Unknown,semiautomatic handgun,"Glock 21, .45 caliber; high-capacity magazine",34.176946,-118.874793
Walmart shooting in suburban Denver,Male,Mass,White,Thornton,Colorado,11/1/2017,2017,0,3,3,Other,Unknown,semiautomatic handgun,,39.876374,-104.986132
Las Vegas Strip massacre,Male,Mass,White,Las Vegas,Navada,10/1/2017,2017,546,58,604,Other,Unknown,"23 firearms, mostly rifles; including scopes, and two modified for ""fully automatic"" firing; two were mounted on tripods","AR-15-style and AK-47-style rifles and ""a large cache of ammunition""; four Daniel Defense DDM4 rifles, three FN-15s and other rifles made by Sig Sauer.",36.095739,-115.171544
Rancho Tehama shooting spree,Male,Spree,White,Rancho Tehama,California,11/14/2017,2017,10,5,15,Other,Unknown,semiautomatic rifles,Two illegally modified rifles,40.018759,-122.393089
Waffle House shooting,Male,Mass,White,Nashville,Tennessee,4/22/2018,2018,4,4,8,Other,Unknown,semiautomatic rifle,AR-15,36.052521,-86.616944
Pennsylvania carwash shooting,Male,Mass,White,Melcroft,Pennsylvania,1/28/2018,2018,1,4,5,Other,Unknown,semiautomatic rifle and semiautomatic handgun,,40.052151,-79.389166
Pennsylvania hotel bar shooting,Male,Spree,White,State College,Pennsylvania,1/24/2019,2019,1,3,4,Other,Unknown,handgun,,40.785142,-77.839411
Wedgwood Baptist Church shooting,Male,Mass,White,Fort Worth,Texas,9/15/1999,1999,7,8,15,Religious,"Trader's Village flea market in Grand Prairie, Texas",Two semiautomatic handguns,".380-caliber, 9mm Ruger P85 semiautomatic handguns",32.69339752,-97.47067261
Living Church of God shooting,Male,Mass,White,Brookfield,Wisconsin,3/12/2005,2005,4,7,11,Religious,"Gun dealer in Waukesha, Wis.",One semiautomatic handgun,9mm Beretta semiautomatic handgun,43.06056595,-88.10647583
Sikh temple shooting,Male,Mass,White,Oak Creek,Wisconsin,8/5/2012,2012,3,7,10,Religious,Unknown,One semiautomatic handgun,9mm Springfield Armory XDM semiautomatic handgun,42.885849,-87.86313629
Charleston Church Shooting,Male,Mass,White,Charleston,South Carolina,6/17/2015,2015,1,9,10,Religious,"Shooter's Choice gun store in West Columbia, South Carolina",Handgun,".45-caliber Glock (model 41, with 13-round capacity magazine)",32.7883873,-79.93314362
Texas First Baptist Church massacre,Male,Mass,White,Sutherland Springs,Texas,11/5/2017,2017,20,26,46,Religious,Unknown,semiautomatic rifle,Ruger AR-556; Kelley also possessed semiautomatic handguns,29.273282,-98.056488
Tree of Life synagogue shooting,Male,Mass,White,Pittsburgh,Pennsylvania,10/27/2018,2018,6,11,17,Religious,Unknown,semiautomatic rifle; semiautomatic handguns,AR-15; Glock .357 (3),40.443898,-79.921398
Columbine High School Shooting,Two Males,Mass,White,Littleton,Colorado,4/20/1999,1999,21,13,34,School,purchased from friends,"Carbine, handgun, two shotguns","12-gauge Savage-Springfield 67H pump-action shotgun, Hi-Point 995 Carbine 9mm carbine, 9Ã—19mm Intratec TEC-9 semiautomatic handgun, 12-gauge Stevens 311D double-barreled sawed-off shotgun",39.60391,-105.075
Heritage High School Shooting,Male,Mass,White,Conyers,Georgia,5/20/1999,1999,6,0,6,School,Unknown,"Rifle, handgun",".22-caliber rifle, .357-caliber Magnum handgun",33.626922,-84.04796
Fort Gibson Middle School Shooting,Male,Mass,American Indian,Fort Gibson,Oklahoma,12/6/1999,1999,5,0,5,School,father,Handgun,Taurus 9mm handgun,35.795556,-95.241921
Santana High School Shooting,Male,Mass,White,Santee,California,3/5/2001,2001,13,2,15,School,father,Handgun,.22-caliber revolver,32.85756,-116.971045
Granite Hills High School Shooting,Male,Mass,Other,El Cajon,California,3/22/2001,2001,5,0,5,School,Unknown,Shotgun,Mossberg 12-gauge pump-action shotgun,32.800101,-116.916889
John McDonogh High School Shooting,Two Males,Mass,Other,New Orleans,Louisiana,4/14/2003,2003,3,1,4,School,Unknown,"Semiautomatic rifle, handgun","AK-47-style semiautomatic rifle, semiautomatic handgun",29.974421,-90.075733
Red Lake High School Shooting,Male,Spree,American Indian,Red Lake,Minnesota,3/21/2005,2005,7,7,14,School,grandfather,"Handgun, Shotgun"," Glock 23 .40-caliber handgun, 870 12-gauge pump-action shotgun",47.8509,-95.0629
Campbell County High School Shooting,Male,Mass,White,Jacksboro,Tennessee,11/8/2005,2005,2,1,3,School,Unknown,Handgun,.22-caliber handgun,36.35086,-84.14832
West Nickel Mines Amish School Shooting,Male,Mass,White,Nickel Mines,Pennsylvania,10/2/2006,2006,5,5,10,School,purchased legally by shooter,"Handgun, Shotgun, Rifle","9mm handgun, shotgun, 30.06 rifle",39.960081,-76.084367
Springwater Trail High School Shooting,Male,Mass,Other,Gresham,Oregon,4/10/2007,2007,10,0,10,School,stepfather,Rifle,.270 Winchester rifle with scope,45.48655,-122.40894
SuccessTech Academy Shooting,Male,Mass,Other,Cleveland,Ohio,10/10/2007,2007,4,0,4,School,Unknown,Two revolver,".22-caliber revolver, .38-caliber revolver",41.50762,-81.6869
Millard South High School Shooting,Male,Mass,Black,Omaha,Nebraska,1/5/2011,2011,2,1,3,School,father,Handgun,Smith & Wesson Glock .40-caliber handgun,41.203481,-96.146049
Chardon High School Shooting,Male,Mass,White,Chardon,Ohio,2/27/2012,2012,3,3,6,School,uncle,Handgun,Ruger MK III .22-caliber semiautomatic handgun,41.591297,-81.199958
Sandy Hook Elementary School Shooting,Male,Spree,White,Newtown,Connecticut,12/14/2012,2012,2,26,28,School,mother,Semiautomatic rifle,Bushmaster XM15-E2S semiautomatic rifle,41.41978,-73.277751
Sparks Middle School Shooting,Male,Mass,Hispanic,Sparks,Nevada,10/21/2013,2013,2,1,3,School,father,Handgun,Ruger SR9C 9mm semiautomatic handgun,39.5517,-119.7694
Newman Elementary School Shooting,Male,Accidental,Other,Chino,California,10/23/2013,2013,3,0,3,School,police weapon,Semiautomatic rifle,AR-15-style semiautomatic rifle,34.0271,-117.7144
Berrendo Middle School Shooting,Male,Mass,White,Roswell,New Mexico,1/14/2014,2014,3,0,3,School,Unknown,Shotgun,shotgun,33.4736,-104.5115
Marysville Pilchuck High School Shooting,Male,Mass,American Indian,Marysville,Washington,10/24/2014,2014,1,4,5,School,father,Handgun,.40-caliber Beretta Px4 Storm semiautomatic handgun,48.09582,-122.154021
Madison High School Shooting,Male,Mass,White,Middletown,Ohio,2/29/2016,2016,4,0,4,School,family home,Handgun,Sig Sauer P238 semiautomatic handgun,39.53385,-84.4433
Townville Elementary School Shooting,Male,Mass,White,Townville,South Carolina,9/28/2016,2016,2,1,3,School,father,Handgun,.40-caliber handgun,34.56311,-82.903471
June Jordan High School Shooting,Male,Mass,Other,San Francisco,California,10/18/2016,2016,4,0,4,School,Unknown,Handgun,handguns,37.719558,-122.425241
North Park Elementary School Shooting,Male,Mass,Black,San Bernardino,California,4/10/2017,2017,1,2,3,School,Unknown,Revolver,Smith & Wesson .357 Magnum revolver,34.179206,-117.301804
Freeman High School Shooting,Male,Mass,White,Rockford,Washington,9/13/2017,2017,3,1,4,School,father,"Rifle, handgun","AR-15-stylee semiautomatic rifle, handgun",47.519667,-117.19638
Marshall County High School Shooting,Male,Mass,White,Benton,Kentucky,1/23/2018,2018,16,2,18,School,Unknown,Handgun,handgun,36.912835,-88.332917
Salvador B. Castro Middle School Shooting,Female,Accidental,Other,Los Angeles,California,2/1/2018,2018,5,0,5,School,Unknown,Handgun,semiautomatic handgun,34.06169,-118.265
Marjory Stoneman Douglas High School Shooting,Male,Mass,White,Parkland,Florida,2/14/2018,2018,17,17,34,School,legally purchased by shooter,Semiautomatic rifle,Smith & Wesson M&P15 AR-15-style rifle,26.304483,-80.269365
Seaside High School Shooting,Male,Accidental,White,Seaside,California,3/13/2018,2018,3,0,3,School,department issued,Handgun,Glock 21 .45-caliber semiautomatic handgun,36.62444,-121.838
United States Postal Service shooting,Male,Mass,White,Edmond,Oklahoma,8/20/1986,1986,6,15,21,Workplace,"Issued by Oklahoma National Guard, where Sherrill served, for target competition  ",Three semiautomatic handguns,".22-caliber, two .45-caliber Colt Model 1911-A1 semiautomatic handguns",35.667202,-97.42936707
ESL shooting,Male,Mass,White,Sunnyvale,California,2/16/1988,1988,4,7,11,Workplace,Various sporting goods and gun stores in Northern California,"Two semiautomatic handguns, one rifle, two revolvers, two shotguns",".380 ACP Browning, 9mm Smith & Wesson semiautomatic handguns; Ruger M-77 .22-250 bolt-action rifle with scope; Mossberg 12-gauge pump-action, 12-gauge Benelli semiautomatic shotguns; .357 Magnum Smith & Wesson, .22 Sentinel WMR revolvers",37.36883163,-122.0363464
Standard Gravure shooting,Male,Mass,White,Louisville,Kentucky,9/14/1989,1989,12,9,21,Workplace,"AK-47 purchased from Tilford's Gun Sales in Louisville, Ky. ","Three semiautomatic handguns (two assault), one rifle (assault), one revolver","Two Intratec MAC-11, 9mm SIG Sauer semiautomatic handguns; AK-47 Chinese variant semiautomatic rifle; .38-caliber revolver",38.25423813,-85.75940704
Royal Oak postal shootings,Male,Mass,White,Royal Oak,Michigan,11/14/1991,1991,5,5,10,Workplace,Local gun store,One rifle,.22-caliber Ruger sawed-off semiautomatic rifle,42.48947906,-83.14464569
Chuck E. Cheese's killings,Male,Mass,Black,Aurora,Colorado,12/14/1993,1993,1,4,5,Workplace,Unknown,One semiautomatic handgun,.25-caliber semiautomatic handgun,39.75471115,-104.8358688
Walter Rossler Company massacre,Male,Mass,White,Corpus Christi,Texas,4/3/1995,1995,0,6,6,Workplace,Unknown,"One semiautomatic handgun, one revolver",9mm Ruger semiautomatic handgun; .32-caliber revolver,27.8237133,-97.41739655
Fort Lauderdale revenge shooting,Male,Mass,Black,Fort Lauderdale,Florida,2/9/1996,1996,1,6,7,Workplace,Unknown,"One semiautomatic handgun, one revolver",9mm Glock semiautomatic handgun; .32-caliber revolver,26.12230873,-80.14337921
R.E. Phelon Company shooting,Male,Mass,Black,Aiken,South Carolina,9/15/1997,1997,3,4,7,Workplace,Unknown,One semiautomatic handgun,9mm semiautomatic handgun,33.55986023,-81.72195435
Caltrans maintenance yard shooting,Male,Mass,Latino,Orange,California,12/18/1997,1997,2,5,7,Workplace,"B&B Gun Sales in Orange County, Calif.",One rifle (assault),7.62mm AK-47 Chinese variant semiautomatic rifle,33.78779602,-117.8531113
Connecticut Lottery shooting,Male,Mass,White,Newington,Connecticut,3/6/1998,1998,1,5,6,Workplace,Unknown,One semiautomatic handgun,9mm semiautomatic handgun,41.6856308,-72.72983551
Xerox killings,Male,Mass,Asian,Honolulu,Hawaii,11/2/1999,1999,0,7,7,Workplace,"Hunting Supplies of Hawaii (The Armory) in Honolulu, Hawaii",One semiautomatic handgun,9mm Glock 17 semiautomatic handgun,21.32551193,-157.8473053
Hotel shooting,Male,Mass,Latino,Tampa,Florida,12/30/1999,1999,3,5,8,Workplace,"One purchased from Big E's in Tampa, Fla.","One semiautomatic handgun, one revolver",9mm Lorcin semiautomatic handgun; .38-caliber Charter Arms revolver,27.94775963,-82.45844269
Atlanta day trading spree killings,Male,Spree,White,Atlanta,Georgia,7/29/1999,1999,13,9,22,Workplace,"Glock purchased from gun store in Warner Robins, Ga. ","Three semiautomatic handguns, one revolver",".45-caliber Colt 1911-A1, 9mm Glock 17, .25-caliber Raven Arms MP-25 semiautomatic handguns; .22-caliber Harrington & Richardson revolver",33.74909973,-84.3901825
Wakefield massacre,Male,Mass,White,Wakefield,Massachusetts,12/26/2000,2000,0,7,7,Workplace,Unknown,"One semiautomatic handgun, one rifle (assault), one shotgun",.32-caliber Retolaza semiautomatic handgun; AK-47 variant semiautomatic rifle; 12-gauge Winchester 1300 pump-action shotgun,42.50648499,-71.0728302
Navistar shooting,Male,Mass,Black,Melrose Park,Illinois,2/5/2001,2001,4,5,9,Workplace,"Some purchased from Pepper Sports in Glen Ellyn, Ill. ","Two rifles, one revolver, one shotgun","SKS 1954R, .30-caliber Winchester rifles; 12-gauge Remington pump-action shotgun; .38-caliber revolver",41.90058517,-87.8567276
Lockheed Martin shooting,Male,Mass,White,Meridian,Mississippi,7/8/2003,2003,8,7,15,Workplace,Purchased from an individual,"One semiautomatic handgun, two rifles, one derringer, one shotgun",".45-caliber Ruger P90 semiautomatic handgun; .22-caliber rifle with scope, .223-caliber Ruger Mini-14 rifle; 12-gauge Winchester 1300 shotgun; .22 Magnum derringer",32.37607956,-88.68978119
Goleta postal shootings,Female,Spree,White,Goleta,California,1/30/2006,2006,0,8,8,Workplace,"Pawn shops in Grants and Gallup, N.M.",One semiautomatic handgun,9mm Smith & Wesson 915 semiautomatic handgun,34.43628311,-119.8714371
Atlantis Plastics shooting,Male,Mass,White,Henderson,Kentucky,6/25/2008,2008,1,6,7,Workplace,Unknown,One semiautomatic handgun,.45-caliber Hi-Point semiautomatic handgun,37.7672081,-87.55737305
Hartford Beer Distributor shooting,Male,Mass,Black,Manchester,Connecticut,8/3/2010,2010,2,9,11,Workplace,"Gun dealer in East Windsor, Conn.",Two semiautomatic handguns,Two 9mm Ruger SR9 semiautomatic handguns,41.77593231,-72.52147675
Accent Signage Systems shooting,Male,Mass,White,Minneapolis,Minnesota,9/27/2012,2012,1,7,8,Workplace,Unknown,One semiautomatic handgun,9mm Glock semiautomatic handgun,44.97729874,-93.26547241
San Bernardino mass shooting,Male & Female,Mass,Other,San Bernardino,California,12/2/2015,2015,21,14,35,Workplace,Unknown,"Two assault rifles and two semi-automatic pistols were used in the attack. Police found a remote controlled explosive device at the scene of the crime. At the home were 12 pipe bombs, 2,500 rounds for the AR-15 variants, 2,000 rounds for the pistols, and several hundred for a .22 calibre rifle. In the suspects' car were an additional 1,400 rounds for the rifles and 200 for the handguns.","Two semiautomatic AR-15-style rifles—one a DPMS A-15, the other a Smith & Wesson M&P15, both with .223 calibre ammunition. Two 9mm semiautomatic handguns. High capacity magazines.",34.075961,-117.27789
Planned Parenthood clinic,Male,Mass,White,Colorado Springs,Colorado,11/27/2015,2015,9,3,12,Workplace,Unknown,Long gun,Reportedly an AK-47 style semiautomatic rifle and others. Authorities had not released details on Dear's weapons as of April 2016.,38.881031,-104.849057
Excel Industries mass shooting,Male,Mass,Black,Hesston,Kansas,2/25/2016,2016,14,3,17,Workplace,Unknown,"Semiautomatic rifle, semiautomatic handgun","Zastava Serbia AK-47-style rifle, Glock Model 22 .40-caliber handgun; high-capacity magazines (30 rounds)",38.135992,-97.425145
San Francisco UPS shooting,Male,Mass,Asian,San Francisco,California,6/14/2017,2017,2,3,5,Workplace,Unknown,two handguns,MAC-10-style “assault pistol”; 30-round magazine. An additional box of ammunition.,37.765947,-122.406087
Edgewood businees park shooting,Male,Mass,Black,Edgewood,Maryland,10/18/2017,2017,3,3,6,Workplace,Unknown,handgun,.380-caliber; make unclear,39.452189,-76.309988
Pennsylvania supermarket shooting,Male,Mass,White,Tunkhannock,Pennsylvania,6/7/2017,2017,0,3,3,Workplace,Unknown,shotguns,,41.529546,-75.94722
Florida awning manufacturer shooting,Male,Mass,White,Orlando,Florida,6/5/2017,2017,0,5,5,Workplace,Unknown,semiautomatic handgun,,28.580295,-81.294086
Rural Ohio nursing home shooting,Male,Mass,White,Kirkersville,Ohio,5/12/2017,2017,0,3,3,Workplace,Unknown,"handgun, shotgun",,39.959034,-82.596508
Yountville veterans home shooting,Male,Mass,Asian,Yountville,California,3/9/2018,2018,0,3,3,Workplace,Unknown,semiautomatic rifle; shotgun,,38.392496,-122.366528
Rite Aid warehouse shooting,Female,Mass,Black,Perryman,Maryland,9/20/2018,2018,3,3,6,Workplace,Unknown,semiautomatic handgun,Glock 9 mm,39.455658,-76.208485
Mercy Hospital shooting,Male,Mass,Latino,Chicago,Illinois,11/19/2018,2018,0,3,3,Workplace,Unknown,semiautomatic handgun,9mm handgun,41.847667,-87.622009
Fifth Third Center shooting,Male,Mass,Latino,Cincinnati,Ohio,9/6/2018,2018,2,3,5,Workplace,A local gun store,semiautomatic handgun,9mm handgun,39.101981,-84.511782
Capital Gazette shooting,Male,Mass,White,Annapolis,Maryland,6/28/2018,2018,2,5,7,Workplace,Unknown,shotgun,12-gauge pump-action shotgun,38.994548,-76.543657
T&T Trucking shooting,Male,Spree,Latino,Bakersfield,California,9/12/2018,2018,0,5,5,Workplace,Unknown,handgun,Smith & Wesson Model 500 (.50-caliber revolver),35.349388,-118.916335
Harry Pratt Co. warehouse shooting,Male,Mass,Black,Aurora,Illinois,2/15/2019,2019,6,5,11,Workplace,Unknown,handgun,"Smith & Wesson handgun, with a green sighting laser",41.753725,-88.331057
SunTrust bank shooting,Male,Mass,White,Sebring,Florida,1/23/2019,2019,0,5,5,Workplace,Unknown,handgun,9 mm handgun,27.471043,-81.45847
